Time Zone,Current Time
Africa/Abidjan,2023-09-15 19:51:48
Africa/Accra,2023-09-15 19:51:48
Africa/Addis_Ababa,2023-09-15 22:51:48
Africa/Algiers,2023-09-15 20:51:48
Africa/Asmara,2023-09-15 22:51:48
Africa/Asmera,2023-09-15 22:51:48
Africa/Bamako,2023-09-15 19:51:48
Africa/Bangui,2023-09-15 20:51:48
Africa/Banjul,2023-09-15 19:51:48
Africa/Bissau,2023-09-15 19:51:48
Africa/Blantyre,2023-09-15 21:51:48
Africa/Brazzaville,2023-09-15 20:51:48
Africa/Bujumbura,2023-09-15 21:51:48
Africa/Cairo,2023-09-15 22:51:48
Africa/Casablanca,2023-09-15 20:51:48
Africa/Ceuta,2023-09-15 21:51:48
Africa/Conakry,2023-09-15 19:51:48
Africa/Dakar,2023-09-15 19:51:48
Africa/Dar_es_Salaam,2023-09-15 22:51:48
Africa/Djibouti,2023-09-15 22:51:48
Africa/Douala,2023-09-15 20:51:48
Africa/El_Aaiun,2023-09-15 20:51:48
Africa/Freetown,2023-09-15 19:51:48
Africa/Gaborone,2023-09-15 21:51:48
Africa/Harare,2023-09-15 21:51:48
Africa/Johannesburg,2023-09-15 21:51:48
Africa/Juba,2023-09-15 21:51:48
Africa/Kampala,2023-09-15 22:51:48
Africa/Khartoum,2023-09-15 21:51:48
Africa/Kigali,2023-09-15 21:51:48
Africa/Kinshasa,2023-09-15 20:51:48
Africa/Lagos,2023-09-15 20:51:48
Africa/Libreville,2023-09-15 20:51:48
Africa/Lome,2023-09-15 19:51:48
Africa/Luanda,2023-09-15 20:51:48
Africa/Lubumbashi,2023-09-15 21:51:48
Africa/Lusaka,2023-09-15 21:51:48
Africa/Malabo,2023-09-15 20:51:48
Africa/Maputo,2023-09-15 21:51:48
Africa/Maseru,2023-09-15 21:51:48
Africa/Mbabane,2023-09-15 21:51:48
Africa/Mogadishu,2023-09-15 22:51:48
Africa/Monrovia,2023-09-15 19:51:48
Africa/Nairobi,2023-09-15 22:51:48
Africa/Ndjamena,2023-09-15 20:51:48
Africa/Niamey,2023-09-15 20:51:48
Africa/Nouakchott,2023-09-15 19:51:48
Africa/Ouagadougou,2023-09-15 19:51:48
Africa/Porto-Novo,2023-09-15 20:51:48
Africa/Sao_Tome,2023-09-15 19:51:48
Africa/Timbuktu,2023-09-15 19:51:48
Africa/Tripoli,2023-09-15 21:51:48
Africa/Tunis,2023-09-15 20:51:48
Africa/Windhoek,2023-09-15 21:51:48
America/Adak,2023-09-15 10:51:48
America/Anchorage,2023-09-15 11:51:48
America/Anguilla,2023-09-15 15:51:48
America/Antigua,2023-09-15 15:51:48
America/Araguaina,2023-09-15 16:51:48
America/Argentina/Buenos_Aires,2023-09-15 16:51:48
America/Argentina/Catamarca,2023-09-15 16:51:48
America/Argentina/ComodRivadavia,2023-09-15 16:51:48
America/Argentina/Cordoba,2023-09-15 16:51:48
America/Argentina/Jujuy,2023-09-15 16:51:48
America/Argentina/La_Rioja,2023-09-15 16:51:48
America/Argentina/Mendoza,2023-09-15 16:51:48
America/Argentina/Rio_Gallegos,2023-09-15 16:51:48
America/Argentina/Salta,2023-09-15 16:51:48
America/Argentina/San_Juan,2023-09-15 16:51:48
America/Argentina/San_Luis,2023-09-15 16:51:48
America/Argentina/Tucuman,2023-09-15 16:51:48
America/Argentina/Ushuaia,2023-09-15 16:51:48
America/Aruba,2023-09-15 15:51:48
America/Asuncion,2023-09-15 15:51:48
America/Atikokan,2023-09-15 14:51:48
America/Atka,2023-09-15 10:51:48
America/Bahia,2023-09-15 16:51:48
America/Bahia_Banderas,2023-09-15 13:51:48
America/Barbados,2023-09-15 15:51:48
America/Belem,2023-09-15 16:51:48
America/Belize,2023-09-15 13:51:48
America/Blanc-Sablon,2023-09-15 15:51:48
America/Boa_Vista,2023-09-15 15:51:48
America/Bogota,2023-09-15 14:51:48
America/Boise,2023-09-15 13:51:48
America/Buenos_Aires,2023-09-15 16:51:48
America/Cambridge_Bay,2023-09-15 13:51:48
America/Campo_Grande,2023-09-15 15:51:48
America/Cancun,2023-09-15 14:51:48
America/Caracas,2023-09-15 15:51:48
America/Catamarca,2023-09-15 16:51:48
America/Cayenne,2023-09-15 16:51:48
America/Cayman,2023-09-15 14:51:48
America/Chicago,2023-09-15 14:51:48
America/Chihuahua,2023-09-15 13:51:48
America/Ciudad_Juarez,2023-09-15 13:51:48
America/Coral_Harbour,2023-09-15 14:51:48
America/Cordoba,2023-09-15 16:51:48
America/Costa_Rica,2023-09-15 13:51:48
America/Creston,2023-09-15 12:51:48
America/Cuiaba,2023-09-15 15:51:48
America/Curacao,2023-09-15 15:51:48
America/Danmarkshavn,2023-09-15 19:51:48
America/Dawson,2023-09-15 12:51:48
America/Dawson_Creek,2023-09-15 12:51:48
America/Denver,2023-09-15 13:51:48
America/Detroit,2023-09-15 15:51:48
America/Dominica,2023-09-15 15:51:48
America/Edmonton,2023-09-15 13:51:48
America/Eirunepe,2023-09-15 14:51:48
America/El_Salvador,2023-09-15 13:51:48
America/Ensenada,2023-09-15 12:51:48
America/Fort_Nelson,2023-09-15 12:51:48
America/Fort_Wayne,2023-09-15 15:51:48
America/Fortaleza,2023-09-15 16:51:48
America/Glace_Bay,2023-09-15 16:51:48
America/Godthab,2023-09-15 17:51:48
America/Goose_Bay,2023-09-15 16:51:48
America/Grand_Turk,2023-09-15 15:51:48
America/Grenada,2023-09-15 15:51:48
America/Guadeloupe,2023-09-15 15:51:48
America/Guatemala,2023-09-15 13:51:48
America/Guayaquil,2023-09-15 14:51:48
America/Guyana,2023-09-15 15:51:48
America/Halifax,2023-09-15 16:51:48
America/Havana,2023-09-15 15:51:48
America/Hermosillo,2023-09-15 12:51:48
America/Indiana/Indianapolis,2023-09-15 15:51:48
America/Indiana/Knox,2023-09-15 14:51:48
America/Indiana/Marengo,2023-09-15 15:51:48
America/Indiana/Petersburg,2023-09-15 15:51:48
America/Indiana/Tell_City,2023-09-15 14:51:48
America/Indiana/Vevay,2023-09-15 15:51:48
America/Indiana/Vincennes,2023-09-15 15:51:48
America/Indiana/Winamac,2023-09-15 15:51:48
America/Indianapolis,2023-09-15 15:51:48
America/Inuvik,2023-09-15 13:51:48
America/Iqaluit,2023-09-15 15:51:48
America/Jamaica,2023-09-15 14:51:48
America/Jujuy,2023-09-15 16:51:48
America/Juneau,2023-09-15 11:51:48
America/Kentucky/Louisville,2023-09-15 15:51:48
America/Kentucky/Monticello,2023-09-15 15:51:48
America/Knox_IN,2023-09-15 14:51:48
America/Kralendijk,2023-09-15 15:51:48
America/La_Paz,2023-09-15 15:51:48
America/Lima,2023-09-15 14:51:48
America/Los_Angeles,2023-09-15 12:51:48
America/Louisville,2023-09-15 15:51:48
America/Lower_Princes,2023-09-15 15:51:48
America/Maceio,2023-09-15 16:51:48
America/Managua,2023-09-15 13:51:48
America/Manaus,2023-09-15 15:51:48
America/Marigot,2023-09-15 15:51:48
America/Martinique,2023-09-15 15:51:48
America/Matamoros,2023-09-15 14:51:48
America/Mazatlan,2023-09-15 12:51:48
America/Mendoza,2023-09-15 16:51:48
America/Menominee,2023-09-15 14:51:48
America/Merida,2023-09-15 13:51:48
America/Metlakatla,2023-09-15 11:51:48
America/Mexico_City,2023-09-15 13:51:48
America/Miquelon,2023-09-15 17:51:48
America/Moncton,2023-09-15 16:51:48
America/Monterrey,2023-09-15 13:51:48
America/Montevideo,2023-09-15 16:51:48
America/Montreal,2023-09-15 15:51:48
America/Montserrat,2023-09-15 15:51:48
America/Nassau,2023-09-15 15:51:48
America/New_York,2023-09-15 15:51:48
America/Nipigon,2023-09-15 15:51:48
America/Nome,2023-09-15 11:51:48
America/Noronha,2023-09-15 17:51:48
America/North_Dakota/Beulah,2023-09-15 14:51:48
America/North_Dakota/Center,2023-09-15 14:51:48
America/North_Dakota/New_Salem,2023-09-15 14:51:48
America/Nuuk,2023-09-15 17:51:48
America/Ojinaga,2023-09-15 14:51:48
America/Panama,2023-09-15 14:51:48
America/Pangnirtung,2023-09-15 15:51:48
America/Paramaribo,2023-09-15 16:51:48
America/Phoenix,2023-09-15 12:51:48
America/Port-au-Prince,2023-09-15 15:51:48
America/Port_of_Spain,2023-09-15 15:51:48
America/Porto_Acre,2023-09-15 14:51:48
America/Porto_Velho,2023-09-15 15:51:48
America/Puerto_Rico,2023-09-15 15:51:48
America/Punta_Arenas,2023-09-15 16:51:48
America/Rainy_River,2023-09-15 14:51:48
America/Rankin_Inlet,2023-09-15 14:51:48
America/Recife,2023-09-15 16:51:48
America/Regina,2023-09-15 13:51:48
America/Resolute,2023-09-15 14:51:48
America/Rio_Branco,2023-09-15 14:51:48
America/Rosario,2023-09-15 16:51:48
America/Santa_Isabel,2023-09-15 12:51:48
America/Santarem,2023-09-15 16:51:48
America/Santiago,2023-09-15 16:51:48
America/Santo_Domingo,2023-09-15 15:51:48
America/Sao_Paulo,2023-09-15 16:51:48
America/Scoresbysund,2023-09-15 19:51:48
America/Shiprock,2023-09-15 13:51:48
America/Sitka,2023-09-15 11:51:48
America/St_Barthelemy,2023-09-15 15:51:48
America/St_Johns,2023-09-15 17:21:48
America/St_Kitts,2023-09-15 15:51:48
America/St_Lucia,2023-09-15 15:51:48
America/St_Thomas,2023-09-15 15:51:48
America/St_Vincent,2023-09-15 15:51:48
America/Swift_Current,2023-09-15 13:51:48
America/Tegucigalpa,2023-09-15 13:51:48
America/Thule,2023-09-15 16:51:48
America/Thunder_Bay,2023-09-15 15:51:48
America/Tijuana,2023-09-15 12:51:48
America/Toronto,2023-09-15 15:51:48
America/Tortola,2023-09-15 15:51:48
America/Vancouver,2023-09-15 12:51:48
America/Virgin,2023-09-15 15:51:48
America/Whitehorse,2023-09-15 12:51:48
America/Winnipeg,2023-09-15 14:51:48
America/Yakutat,2023-09-15 11:51:48
America/Yellowknife,2023-09-15 13:51:48
Antarctica/Casey,2023-09-16 06:51:48
Antarctica/Davis,2023-09-16 02:51:48
Antarctica/DumontDUrville,2023-09-16 05:51:48
Antarctica/Macquarie,2023-09-16 05:51:48
Antarctica/Mawson,2023-09-16 00:51:48
Antarctica/McMurdo,2023-09-16 07:51:48
Antarctica/Palmer,2023-09-15 16:51:48
Antarctica/Rothera,2023-09-15 16:51:48
Antarctica/South_Pole,2023-09-16 07:51:48
Antarctica/Syowa,2023-09-15 22:51:48
Antarctica/Troll,2023-09-15 21:51:48
Antarctica/Vostok,2023-09-16 01:51:48
Arctic/Longyearbyen,2023-09-15 21:51:48
Asia/Aden,2023-09-15 22:51:48
Asia/Almaty,2023-09-16 01:51:48
Asia/Amman,2023-09-15 22:51:48
Asia/Anadyr,2023-09-16 07:51:48
Asia/Aqtau,2023-09-16 00:51:48
Asia/Aqtobe,2023-09-16 00:51:48
Asia/Ashgabat,2023-09-16 00:51:48
Asia/Ashkhabad,2023-09-16 00:51:48
Asia/Atyrau,2023-09-16 00:51:48
Asia/Baghdad,2023-09-15 22:51:48
Asia/Bahrain,2023-09-15 22:51:48
Asia/Baku,2023-09-15 23:51:48
Asia/Bangkok,2023-09-16 02:51:48
Asia/Barnaul,2023-09-16 02:51:48
Asia/Beirut,2023-09-15 22:51:48
Asia/Bishkek,2023-09-16 01:51:48
Asia/Brunei,2023-09-16 03:51:48
Asia/Calcutta,2023-09-16 01:21:48
Asia/Chita,2023-09-16 04:51:48
Asia/Choibalsan,2023-09-16 03:51:48
Asia/Chongqing,2023-09-16 03:51:48
Asia/Chungking,2023-09-16 03:51:48
Asia/Colombo,2023-09-16 01:21:48
Asia/Dacca,2023-09-16 01:51:48
Asia/Damascus,2023-09-15 22:51:48
Asia/Dhaka,2023-09-16 01:51:48
Asia/Dili,2023-09-16 04:51:48
Asia/Dubai,2023-09-15 23:51:48
Asia/Dushanbe,2023-09-16 00:51:48
Asia/Famagusta,2023-09-15 22:51:48
Asia/Gaza,2023-09-15 22:51:48
Asia/Harbin,2023-09-16 03:51:48
Asia/Hebron,2023-09-15 22:51:48
Asia/Ho_Chi_Minh,2023-09-16 02:51:48
Asia/Hong_Kong,2023-09-16 03:51:48
Asia/Hovd,2023-09-16 02:51:48
Asia/Irkutsk,2023-09-16 03:51:48
Asia/Istanbul,2023-09-15 22:51:48
Asia/Jakarta,2023-09-16 02:51:48
Asia/Jayapura,2023-09-16 04:51:48
Asia/Jerusalem,2023-09-15 22:51:48
Asia/Kabul,2023-09-16 00:21:48
Asia/Kamchatka,2023-09-16 07:51:48
Asia/Karachi,2023-09-16 00:51:48
Asia/Kashgar,2023-09-16 01:51:48
Asia/Kathmandu,2023-09-16 01:36:48
Asia/Katmandu,2023-09-16 01:36:48
Asia/Khandyga,2023-09-16 04:51:48
Asia/Kolkata,2023-09-16 01:21:48
Asia/Krasnoyarsk,2023-09-16 02:51:48
Asia/Kuala_Lumpur,2023-09-16 03:51:48
Asia/Kuching,2023-09-16 03:51:48
Asia/Kuwait,2023-09-15 22:51:48
Asia/Macao,2023-09-16 03:51:48
Asia/Macau,2023-09-16 03:51:48
Asia/Magadan,2023-09-16 06:51:48
Asia/Makassar,2023-09-16 03:51:48
Asia/Manila,2023-09-16 03:51:48
Asia/Muscat,2023-09-15 23:51:48
Asia/Nicosia,2023-09-15 22:51:48
Asia/Novokuznetsk,2023-09-16 02:51:48
Asia/Novosibirsk,2023-09-16 02:51:48
Asia/Omsk,2023-09-16 01:51:48
Asia/Oral,2023-09-16 00:51:48
Asia/Phnom_Penh,2023-09-16 02:51:48
Asia/Pontianak,2023-09-16 02:51:48
Asia/Pyongyang,2023-09-16 04:51:48
Asia/Qatar,2023-09-15 22:51:48
Asia/Qostanay,2023-09-16 01:51:48
Asia/Qyzylorda,2023-09-16 00:51:48
Asia/Rangoon,2023-09-16 02:21:48
Asia/Riyadh,2023-09-15 22:51:48
Asia/Saigon,2023-09-16 02:51:48
Asia/Sakhalin,2023-09-16 06:51:48
Asia/Samarkand,2023-09-16 00:51:48
Asia/Seoul,2023-09-16 04:51:48
Asia/Shanghai,2023-09-16 03:51:48
Asia/Singapore,2023-09-16 03:51:48
Asia/Srednekolymsk,2023-09-16 06:51:48
Asia/Taipei,2023-09-16 03:51:48
Asia/Tashkent,2023-09-16 00:51:48
Asia/Tbilisi,2023-09-15 23:51:48
Asia/Tehran,2023-09-15 23:21:48
Asia/Tel_Aviv,2023-09-15 22:51:48
Asia/Thimbu,2023-09-16 01:51:48
Asia/Thimphu,2023-09-16 01:51:48
Asia/Tokyo,2023-09-16 04:51:48
Asia/Tomsk,2023-09-16 02:51:48
Asia/Ujung_Pandang,2023-09-16 03:51:48
Asia/Ulaanbaatar,2023-09-16 03:51:48
Asia/Ulan_Bator,2023-09-16 03:51:48
Asia/Urumqi,2023-09-16 01:51:48
Asia/Ust-Nera,2023-09-16 05:51:48
Asia/Vientiane,2023-09-16 02:51:48
Asia/Vladivostok,2023-09-16 05:51:48
Asia/Yakutsk,2023-09-16 04:51:48
Asia/Yangon,2023-09-16 02:21:48
Asia/Yekaterinburg,2023-09-16 00:51:48
Asia/Yerevan,2023-09-15 23:51:48
Atlantic/Azores,2023-09-15 19:51:48
Atlantic/Bermuda,2023-09-15 16:51:48
Atlantic/Canary,2023-09-15 20:51:48
Atlantic/Cape_Verde,2023-09-15 18:51:48
Atlantic/Faeroe,2023-09-15 20:51:48
Atlantic/Faroe,2023-09-15 20:51:48
Atlantic/Jan_Mayen,2023-09-15 21:51:48
Atlantic/Madeira,2023-09-15 20:51:48
Atlantic/Reykjavik,2023-09-15 19:51:48
Atlantic/South_Georgia,2023-09-15 17:51:48
Atlantic/St_Helena,2023-09-15 19:51:48
Atlantic/Stanley,2023-09-15 16:51:48
Australia/ACT,2023-09-16 05:51:48
Australia/Adelaide,2023-09-16 05:21:48
Australia/Brisbane,2023-09-16 05:51:48
Australia/Broken_Hill,2023-09-16 05:21:48
Australia/Canberra,2023-09-16 05:51:48
Australia/Currie,2023-09-16 05:51:48
Australia/Darwin,2023-09-16 05:21:48
Australia/Eucla,2023-09-16 04:36:48
Australia/Hobart,2023-09-16 05:51:48
Australia/LHI,2023-09-16 06:21:48
Australia/Lindeman,2023-09-16 05:51:48
Australia/Lord_Howe,2023-09-16 06:21:48
Australia/Melbourne,2023-09-16 05:51:48
Australia/NSW,2023-09-16 05:51:48
Australia/North,2023-09-16 05:21:48
Australia/Perth,2023-09-16 03:51:48
Australia/Queensland,2023-09-16 05:51:48
Australia/South,2023-09-16 05:21:48
Australia/Sydney,2023-09-16 05:51:48
Australia/Tasmania,2023-09-16 05:51:48
Australia/Victoria,2023-09-16 05:51:48
Australia/West,2023-09-16 03:51:48
Australia/Yancowinna,2023-09-16 05:21:48
Brazil/Acre,2023-09-15 14:51:48
Brazil/DeNoronha,2023-09-15 17:51:48
Brazil/East,2023-09-15 16:51:48
Brazil/West,2023-09-15 15:51:48
CET,2023-09-15 21:51:48
CST6CDT,2023-09-15 14:51:48
Canada/Atlantic,2023-09-15 16:51:48
Canada/Central,2023-09-15 14:51:48
Canada/Eastern,2023-09-15 15:51:48
Canada/Mountain,2023-09-15 13:51:48
Canada/Newfoundland,2023-09-15 17:21:48
Canada/Pacific,2023-09-15 12:51:48
Canada/Saskatchewan,2023-09-15 13:51:48
Canada/Yukon,2023-09-15 12:51:48
Chile/Continental,2023-09-15 16:51:48
Chile/EasterIsland,2023-09-15 14:51:48
Cuba,2023-09-15 15:51:48
EET,2023-09-15 22:51:48
EST,2023-09-15 14:51:48
EST5EDT,2023-09-15 15:51:48
Egypt,2023-09-15 22:51:48
Eire,2023-09-15 20:51:48
Etc/GMT,2023-09-15 19:51:48
Etc/GMT+0,2023-09-15 19:51:48
Etc/GMT+1,2023-09-15 18:51:48
Etc/GMT+10,2023-09-15 09:51:48
Etc/GMT+11,2023-09-15 08:51:48
Etc/GMT+12,2023-09-15 07:51:48
Etc/GMT+2,2023-09-15 17:51:48
Etc/GMT+3,2023-09-15 16:51:48
Etc/GMT+4,2023-09-15 15:51:48
Etc/GMT+5,2023-09-15 14:51:48
Etc/GMT+6,2023-09-15 13:51:48
Etc/GMT+7,2023-09-15 12:51:48
Etc/GMT+8,2023-09-15 11:51:48
Etc/GMT+9,2023-09-15 10:51:48
Etc/GMT-0,2023-09-15 19:51:48
Etc/GMT-1,2023-09-15 20:51:48
Etc/GMT-10,2023-09-16 05:51:48
Etc/GMT-11,2023-09-16 06:51:48
Etc/GMT-12,2023-09-16 07:51:48
Etc/GMT-13,2023-09-16 08:51:48
Etc/GMT-14,2023-09-16 09:51:48
Etc/GMT-2,2023-09-15 21:51:48
Etc/GMT-3,2023-09-15 22:51:48
Etc/GMT-4,2023-09-15 23:51:48
Etc/GMT-5,2023-09-16 00:51:48
Etc/GMT-6,2023-09-16 01:51:48
Etc/GMT-7,2023-09-16 02:51:48
Etc/GMT-8,2023-09-16 03:51:48
Etc/GMT-9,2023-09-16 04:51:48
Etc/GMT0,2023-09-15 19:51:48
Etc/Greenwich,2023-09-15 19:51:48
Etc/UCT,2023-09-15 19:51:48
Etc/UTC,2023-09-15 19:51:48
Etc/Universal,2023-09-15 19:51:48
Etc/Zulu,2023-09-15 19:51:48
Europe/Amsterdam,2023-09-15 21:51:48
Europe/Andorra,2023-09-15 21:51:48
Europe/Astrakhan,2023-09-15 23:51:48
Europe/Athens,2023-09-15 22:51:48
Europe/Belfast,2023-09-15 20:51:48
Europe/Belgrade,2023-09-15 21:51:48
Europe/Berlin,2023-09-15 21:51:48
Europe/Bratislava,2023-09-15 21:51:48
Europe/Brussels,2023-09-15 21:51:48
Europe/Bucharest,2023-09-15 22:51:48
Europe/Budapest,2023-09-15 21:51:48
Europe/Busingen,2023-09-15 21:51:48
Europe/Chisinau,2023-09-15 22:51:48
Europe/Copenhagen,2023-09-15 21:51:48
Europe/Dublin,2023-09-15 20:51:48
Europe/Gibraltar,2023-09-15 21:51:48
Europe/Guernsey,2023-09-15 20:51:48
Europe/Helsinki,2023-09-15 22:51:48
Europe/Isle_of_Man,2023-09-15 20:51:48
Europe/Istanbul,2023-09-15 22:51:48
Europe/Jersey,2023-09-15 20:51:48
Europe/Kaliningrad,2023-09-15 21:51:48
Europe/Kiev,2023-09-15 22:51:48
Europe/Kirov,2023-09-15 22:51:48
Europe/Kyiv,2023-09-15 22:51:48
Europe/Lisbon,2023-09-15 20:51:48
Europe/Ljubljana,2023-09-15 21:51:48
Europe/London,2023-09-15 20:51:48
Europe/Luxembourg,2023-09-15 21:51:48
Europe/Madrid,2023-09-15 21:51:48
Europe/Malta,2023-09-15 21:51:48
Europe/Mariehamn,2023-09-15 22:51:48
Europe/Minsk,2023-09-15 22:51:48
Europe/Monaco,2023-09-15 21:51:48
Europe/Moscow,2023-09-15 22:51:48
Europe/Nicosia,2023-09-15 22:51:48
Europe/Oslo,2023-09-15 21:51:48
Europe/Paris,2023-09-15 21:51:48
Europe/Podgorica,2023-09-15 21:51:48
Europe/Prague,2023-09-15 21:51:48
Europe/Riga,2023-09-15 22:51:48
Europe/Rome,2023-09-15 21:51:48
Europe/Samara,2023-09-15 23:51:48
Europe/San_Marino,2023-09-15 21:51:48
Europe/Sarajevo,2023-09-15 21:51:48
Europe/Saratov,2023-09-15 23:51:48
Europe/Simferopol,2023-09-15 22:51:48
Europe/Skopje,2023-09-15 21:51:48
Europe/Sofia,2023-09-15 22:51:48
Europe/Stockholm,2023-09-15 21:51:48
Europe/Tallinn,2023-09-15 22:51:48
Europe/Tirane,2023-09-15 21:51:48
Europe/Tiraspol,2023-09-15 22:51:48
Europe/Ulyanovsk,2023-09-15 23:51:48
Europe/Uzhgorod,2023-09-15 22:51:48
Europe/Vaduz,2023-09-15 21:51:48
Europe/Vatican,2023-09-15 21:51:48
Europe/Vienna,2023-09-15 21:51:48
Europe/Vilnius,2023-09-15 22:51:48
Europe/Volgograd,2023-09-15 22:51:48
Europe/Warsaw,2023-09-15 21:51:48
Europe/Zagreb,2023-09-15 21:51:48
Europe/Zaporozhye,2023-09-15 22:51:48
Europe/Zurich,2023-09-15 21:51:48
GB,2023-09-15 20:51:48
GB-Eire,2023-09-15 20:51:48
GMT,2023-09-15 19:51:48
GMT+0,2023-09-15 19:51:48
GMT-0,2023-09-15 19:51:48
GMT0,2023-09-15 19:51:48
Greenwich,2023-09-15 19:51:48
HST,2023-09-15 09:51:48
Hongkong,2023-09-16 03:51:48
Iceland,2023-09-15 19:51:48
Indian/Antananarivo,2023-09-15 22:51:48
Indian/Chagos,2023-09-16 01:51:48
Indian/Christmas,2023-09-16 02:51:48
Indian/Cocos,2023-09-16 02:21:48
Indian/Comoro,2023-09-15 22:51:48
Indian/Kerguelen,2023-09-16 00:51:48
Indian/Mahe,2023-09-15 23:51:48
Indian/Maldives,2023-09-16 00:51:48
Indian/Mauritius,2023-09-15 23:51:48
Indian/Mayotte,2023-09-15 22:51:48
Indian/Reunion,2023-09-15 23:51:48
Iran,2023-09-15 23:21:48
Israel,2023-09-15 22:51:48
Jamaica,2023-09-15 14:51:48
Japan,2023-09-16 04:51:48
Kwajalein,2023-09-16 07:51:48
Libya,2023-09-15 21:51:48
MET,2023-09-15 21:51:48
MST,2023-09-15 12:51:48
MST7MDT,2023-09-15 13:51:48
Mexico/BajaNorte,2023-09-15 12:51:48
Mexico/BajaSur,2023-09-15 12:51:48
Mexico/General,2023-09-15 13:51:48
NZ,2023-09-16 07:51:48
NZ-CHAT,2023-09-16 08:36:48
Navajo,2023-09-15 13:51:48
PRC,2023-09-16 03:51:48
PST8PDT,2023-09-15 12:51:48
Pacific/Apia,2023-09-16 08:51:48
Pacific/Auckland,2023-09-16 07:51:48
Pacific/Bougainville,2023-09-16 06:51:48
Pacific/Chatham,2023-09-16 08:36:48
Pacific/Chuuk,2023-09-16 05:51:48
Pacific/Easter,2023-09-15 14:51:48
Pacific/Efate,2023-09-16 06:51:48
Pacific/Enderbury,2023-09-16 08:51:48
Pacific/Fakaofo,2023-09-16 08:51:48
Pacific/Fiji,2023-09-16 07:51:48
Pacific/Funafuti,2023-09-16 07:51:48
Pacific/Galapagos,2023-09-15 13:51:48
Pacific/Gambier,2023-09-15 10:51:48
Pacific/Guadalcanal,2023-09-16 06:51:48
Pacific/Guam,2023-09-16 05:51:48
Pacific/Honolulu,2023-09-15 09:51:48
Pacific/Johnston,2023-09-15 09:51:48
Pacific/Kanton,2023-09-16 08:51:48
Pacific/Kiritimati,2023-09-16 09:51:48
Pacific/Kosrae,2023-09-16 06:51:48
Pacific/Kwajalein,2023-09-16 07:51:48
Pacific/Majuro,2023-09-16 07:51:48
Pacific/Marquesas,2023-09-15 10:21:48
Pacific/Midway,2023-09-15 08:51:48
Pacific/Nauru,2023-09-16 07:51:48
Pacific/Niue,2023-09-15 08:51:48
Pacific/Norfolk,2023-09-16 06:51:48
Pacific/Noumea,2023-09-16 06:51:48
Pacific/Pago_Pago,2023-09-15 08:51:48
Pacific/Palau,2023-09-16 04:51:48
Pacific/Pitcairn,2023-09-15 11:51:48
Pacific/Pohnpei,2023-09-16 06:51:48
Pacific/Ponape,2023-09-16 06:51:48
Pacific/Port_Moresby,2023-09-16 05:51:48
Pacific/Rarotonga,2023-09-15 09:51:48
Pacific/Saipan,2023-09-16 05:51:48
Pacific/Samoa,2023-09-15 08:51:48
Pacific/Tahiti,2023-09-15 09:51:48
Pacific/Tarawa,2023-09-16 07:51:48
Pacific/Tongatapu,2023-09-16 08:51:48
Pacific/Truk,2023-09-16 05:51:48
Pacific/Wake,2023-09-16 07:51:48
Pacific/Wallis,2023-09-16 07:51:48
Pacific/Yap,2023-09-16 05:51:48
Poland,2023-09-15 21:51:48
Portugal,2023-09-15 20:51:48
ROC,2023-09-16 03:51:48
ROK,2023-09-16 04:51:48
Singapore,2023-09-16 03:51:48
Turkey,2023-09-15 22:51:48
UCT,2023-09-15 19:51:48
US/Alaska,2023-09-15 11:51:48
US/Aleutian,2023-09-15 10:51:48
US/Arizona,2023-09-15 12:51:48
US/Central,2023-09-15 14:51:48
US/East-Indiana,2023-09-15 15:51:48
US/Eastern,2023-09-15 15:51:48
US/Hawaii,2023-09-15 09:51:48
US/Indiana-Starke,2023-09-15 14:51:48
US/Michigan,2023-09-15 15:51:48
US/Mountain,2023-09-15 13:51:48
US/Pacific,2023-09-15 12:51:48
US/Samoa,2023-09-15 08:51:48
UTC,2023-09-15 19:51:48
Universal,2023-09-15 19:51:48
W-SU,2023-09-15 22:51:48
WET,2023-09-15 20:51:48
Zulu,2023-09-15 19:51:48
